{"cameraMode":{"drawMode":0,"name":"Shaded","section":"Shading Mode"},"sceneLighting":false,"audioPlay":false,"sceneViewState":{"showFog":true,"showMaterialUpdate":false,"showSkybox":false,"showFlares":true,"showImageEffects":true,"showParticleSystems":true},"in2DMode":false,"pivot":{"x":1.1154308319091797,"y":-0.08553695678710938,"z":2.648796319961548},"rotation":{"x":-0.23467382788658143,"y":0.5674903988838196,"z":-0.17294447124004365,"w":-0.770053505897522},"size":9.523000717163086,"orthographic":false}